Name,Address
PARIS OPTIQUE,"7135 E. Camelback Rd. Suite 152 Scottsdale, AZ 85251 "
PARIS OPTIQUE,"15147 N. Scottsdale Rd., Suite 140 Scottsdale, AZ 85254 "
DESERT VISION,"555 S Sunrise Way #401 Palm Springs, CA 92264 "
EUROCOLLECTIVE,"563 Newport Center Dr. Newport Beach, CA 92660 "
EYE STRUCTURE,"1232 Prospect St. La Jolla, CA 92037 "
GOLDEN VISION,"140 W. Valley Blvd, #115 San Gabriel, CA 91776 "
GOOD SEE CO.,"801 Ocean Front Walk, Suite 1 Venice, CA 90291 "
HALL OF FRAMES,"453 N. Fairfax Ave. Los Angeles, CA 90036 "
OPTICA SOUTH COAST PLAZA,"3333 Bristol Street, Suite 1613 Costa Mesa, CA 92626 "
OPTOMETRIX,"375 N. Beverly Dr. Beverly Hills, CA 90210 "
EYE PIECES OF VAIL,"122 E. Meadow Dr. Unit 1 Vail, CO 81657 "
MORGENTHAL FREDERICS,"553 E. Cooper Aspen, CO 81611 "
THE GLASS HOUSE OPTICAL,"3000 E. 1st Ave. #254 Denver, CO 80206 "
SPECS OF WESTPORT,"115 Post Road East Westport, CT 06880 "
GEORGETOWN OPTICIAN,"1307 Wisconsin Ave NW Washington, DC 20007 "
MORGENTHAL FREDERICS,"941 H Street NW Washington, DC 20007 "
EDWARD BEINER,"Aventura Mall, 19501 Biscayne Boulevard Aventura, FL 33180 "
EDWARD BEINER,"6000 Glades Rd. Boca Raton, FL 33431 "
OPTICA BAL HARBOUR SHOPS,"9700 Collins Ave. Bal Harbour, FL 33154 "
GROVE OPTICIANS,"5250 Town Center Circle #139 Boca Raton, FL 33486 "
I-TOPIAN OPTICAL,"15245 S. Tamiami Trail, Suite 6 Fort Myers, FL 33908 "
ICONS MIAMI EYEWEAR,"900 Ocean Drive, Suite A Miami Beach, FL 33139 "
LAVISH EYEWEAR,"2001 Collins Avenue Miami Beach, FL 33139 "
COUTURE OPTIQUE,"11701 Lake Victoria Gardens Dr. Palm Beach Gardens, FL 33410 "
MORGENTHAL FREDERICS,"311 Worth Ave Palm Beach, FL 33480 "
MORGENTHAL FREDERICS,"9700 Collins Ave. #244 Bal Harbour, FL 33154 "
OBERLE OPTICIANS,"9552 Harding Ave Surfside, FL 33154 "
SEE AND SUN OPTICAL,"3762 SE Ocean Blvd. Sewalls Point, FL 34996 "
THE EYE PLACE,"7828 Winter Garden Vineland Rd., #128 Windermere, FL 34786 "
LEXOR MIAMI,"2371 NW 20th St Miami, FL 33142 "
MOON & CO EYEWEAR,"105 S Lemon Ave Sarasota, FL 34326 "
SALLE OPTICIANS,"3500 Peachtree Rd Atlanta, GA 30326 "
HI-TREND,"Hilton Hawaiian Village, 2005 Kalia Road Honolulu, HI 96815 "
MORGENTHAL FREDERICS,"129 East Oak Street Chicago, IL 60611 "
REVOLUTION EYES,"14250 Clay Terrace Blvd., Suite 160 Carmel, IN 46032 "
EDGE LUXURY EYEWEAR,"219 Newbury St. Boston, MA 02116 "
BIRMINGHAM VISION CARE,"4114 West Maple Road Bloomfield Twp, MI 48301 "
HI-TREND 2.0 OPTICS,"23400 Greenfield Road Oak Park, MI 48237 "
OPTICA TROY,"2801 W. Big Beaver E132 Troy, MI 48084 "
ART OF OPTIKS,"4999 France Ave. South, Suite 140 Minneapolis, MN 55410 "
ART OF OPTIKS,"747 Lake Street East Wayzata, MN 55391 "
THE SPECTACLE,"4209 Lassiter Mill Rd., Suite 110 Raleigh, NC 27609 "
ARTIFACT VISIONS,"112 Monticello Ave. Jersey City, NJ 04304 "
BENJAMIN OPTICAL,"1 American Dream Way, #A160 East Rutherford, NJ 07073 "
EYEDESIGN,"90 Broad St Red Bank, NJ 07701 "
6780 U.S 9,"Howell, NJ 07731 "
OPTICA ARIA,"3730 Las Vegas Blvd S. Las Vegas, NV 89158 "
OPTICA BELLAGIO,"3600 Las Vegas Blvd S. Las Vegas, NV 89109 "
SUNGLASS OPTIC STUDIO,"10300 W Charleston Blvd Las Vegas, NV 89135 "
ALFA VISION,"1402 Sheepshead Bay Rd. Brooklyn, NY 11235 "
E.B. MEYROWITZ AND DELL,"19 W. 44th Street New York, NY 10036 "
ENVISION OPTICAL,"505 Flushing Ave. Brooklyn, NY 11205 "
EYECRAFTERS OPTICAL,"340 Jay St. Brooklyn, NY 11201 "
EYES & OPTICS,"2922 Ave L Brooklyn, NY 11210 "
EYES EXCLUSIVE,"846 Main St., Suite R4 Buffalo, NY 14202 "
FABULOUS OPTICAL,"200 West 125th Street New York, NY 10027 "
FABULOUS OPTICAL â€“ JAMAICA,"161-11 Jamaica Ave Jamaica, NY 11432 "
FABULOUS OPTICAL â€“ NOSTRAND,"546 Nostrand ave Brooklyn, NY 11216 "
J&J PREMIUM EYE CARE,"1304 Grand Ave. Baldwin, NY 11510 "
31 W 47TH ST #905,"New York, NY 10036 "
MICHAEL ALLEN OPTICIANS,"7948 Jericho Turnpike Woodbury, NY 11797 "
MORGENTHAL FREDERICS,"399 W. Broadway New York, NY 10012 "
MORGENTHAL FREDERICS,"944 Madison Ave. New York, NY 10021 "
MORGENTHAL FREDERICS,"680 Madison Ave. New York, NY 10065 "
MORGENTHAL FREDERICS AMERICANA,"2110-H Northern Blvd Manhasset, NY 11030 "
MORGENTHAL FREDERICS TIME WARNER,"10 Columbus Circle New York, NY 10019 "
MS OPTICAL,"5202 16th Ave. Brooklyn, NY 11204 "
OCEAN VIEW OPTICAL,"254 Brighton Beach Ave. Brooklyn, NY 11235 "
SUPREME VISION CENTER,"691 COOP CITY Blvd. Bronx, NY 10475 "
THE LENS CENTER,"5511 New Utrecht Ave Brooklyn, NY 11219 "
BLINK OPTICAL,415 South Street Philadelphia PA 19107
OMNI VISION,"1230 Chestnut St Philadelphia, PA 19107 "
JACKSON DAVENPORT,"372 King St. Charleston, SC 29401 "
ADAIR EYEWEAR,"3550 West 7th Street Fort Worth, TX 76107 "
CARE OPTICAL,"7500 Bellaire Blvd., Suite F02 Houston, TX 77036 "
OPTICA HOUSTON,"The Galleria, 5085 Westheimer, Suite 2805 Houston, TX 77056 "
20/20 VISION CARE,"1313 South 10th St. McAllen, TX 78501 "
GEORGETOWN OPTICIAN â€“ TYSONâ€™S GALLERIA,"2001 International Dr McLean, VA 22102 "
