Society Of The Spectacle,4563 York Blvd.,Los Angeles,CA,90041
GOGOSHA OPTIQUE,1555 Sunset Blvd,Los Angeles,CA,90026
Optical Solution Optometry,2814 Hyperion Ave.,Los Angeles,CA,90027
Mohawk Man,4017 Sunset Blvd.,Los Angeles,CA,90029
Second Street Optique,4924 east 2nd street,Long Beach,CA,90803
Positive Eye Ons Optometry,940 N Fairfax Ave,West Hollywood,CA,90046
Toluca Lake Optometric Center,4100 W. Alameda Ave. #102,Burbank,CA,91505
Optical Connection,11996 Ventura Blvd.,Studio City,CA,91604
Morgenthal Frederics ,9700 Collins Ave ,Bal  Harbour,FL,33154
Public Eye,537 SW 12th Ave,Miami,FL,33130
1269 Curated Eyewear,3113 Commodore Plz,Coconut Grove,FL,33133
Oculus Eyewear,5024 Broadway,Alamo Heights,TX,
Oculus Eyewear,2430 S IH-35,San Marcos,TX,78666
Look and See Vison Care,2007 S 1st St Ste 104 ,Austin ,TX,78704
Optique (Domain Northside),"1100 South Lamar, Suite 1145",Austin,TX,78704
Optique (Downtown Austin),"211 Walter Seaholm Drive, Unit Lr #140",Austin,TX,78701
Santa Fe Optical,1601 W 38th St. #108,Austin,TX,78731
Lifetime Vision Care,408 N. Mays Street,Round Rock,TX,78664
Specs Optometry - Del Mar,12895 Paseo Village Way,San Diego,CA,92130
Village Optic ,1052 N Swarthmore Ave.,Pacific Palisades,CA,90272
Montana Eyes ,709 Montana Ave ,Santa Monica ,CA,90403
Eyes On Main,3101 Main St ,Santa Monica,CA,90405
AHLEM AK,1121 Abbot Kinney Blvd.,Venice,CA,90291
Positive Eye Ons Optometry,940 N Fairfax Ave,West Hollywood,CA,90046
Optical Connection,11996 Ventura Blvd.,Studio City,CA,91604
Toluca Lake Optometric Center,4100 W. Alameda Ave. #102,Burbank,CA,91505
Mohawk Man,4017 Sunset Blvd.,Los Angeles,CA,90029
Optical Solution Optometry,2814 Hyperion Ave.,Los Angeles,CA,90027
GOGOSHA OPTIQUE,1555 Sunset Blvd,Los Angeles,CA,90026
Society Of The Spectacle,4563 York Blvd.,Los Angeles,CA,90041
Ansley Eye Care,1544 Piedmont Rd. Suite 320,Atlanta,,30324
Specs by Kyla,5808 Traffic Way,Atascadero,CA,93422
L'Optique,300 Wall St,Asheville,NC,28801
The Spectacle,4209 Lassiter Mill Rd #110,Raleigh,NC,27609
Look East,1011 Gallatin Ave,Nashville ,TN, 37206
C. Dinstinctive Eyewear ,302 S Stratford Rd B,Winston-Salem,NC,27103
Uber Optics,19 Kentucky St,Petaluma,CA,94952
Eye Love Optometry,2704 Pinole Valley Rd,Pinole,CA,94564
AHLEM SF,416 Hayes St.,San Francisco,CA,94102
Eye Gotcha,586 Castro St. ca,San Francisco,CA,94114
Opt Optometric,1415 Valencia St.,San Francisco,CA,94110
The Optician,2115 Allston Way.,Berkeley,CA,94704
Olive + Spex,4760 Telegraph Ave,Oakland,CA,94609
Luminance Vision,3444 Mt Diablo Blvd,Lafayette,CA,94549
Georgetown Opticians,"660 Pennsylvania Ave, Se.",Washington,DC,20003
Georgetown Opticians,1307 Wisconsin Ave Nw.,Washington,DC,20007
Wink Eyecare,1095 Seven Locks Rd,Potomac ,MD,20854-2903
Eye Pieces,Willits Town Center ,Basalt,CO,81621
Eye Pieces of Vail,122 E. Meadow Dr,Edwards,CO,81632
Heidioptics,223 Fourth Ave #100,Pittsburgh,PA,15222
IWear Optical Boutique,16 W State St,Doylestown,PA,18901
Kitto Optical,10 South Main Street,New Hope,PA,18938
Kitto Optical,10 South Main Street,New Hope,PA,18938
Eye Q Optical,1676 E 31st St,Brooklyn,NY,11234
Bright Eyes Optical,508 Kings Hwy,Brooklyn,NY,11223
Eye Shoppe 7,133 7th Ave.,Brooklyn,NY,11215
Visionary Optical Brooklyn,315 Court St,Brooklyn,NY,11231
Felice Dee Eyewear,305 York Ave 11th floor,New York,NY,10021
Atelier Mira,224 Grand St.,Brooklyn,,11211
Anne & Valentin Prince St,2 Prince St.,New York,NY,10012
AHLEM NYC,228 Elizabeth St.,New York,New York,10012
Eye Designs of Armonk,575 Main St,Armonk,NY, 10504
Eyes on Hudson,66 Main St,Dobbs Ferry,NY,10522
Eye Gallery of Scarsdale,8 Spencer Pl,Scarsdale,NY,10583
Eye Q Optometrist,1098 Wilmot Rd,Scarsdale,NY,10583
Eye Designs of Westchester,747 Post Rd Scarsdale ,Scarsdale,NY,10583
Eyes on Elm,146 Elm St ,New Canaan ,CT,06840-5406
Eyes on Ramsey ,44 E Main St,Ramsey,NJ,07446
The Eyeglass Lass,27 Coogan Blvd Ste 23,Mystic ,CT,06355-1999
Tenet Hamptons,91 Main St,Southampton,NY,11968
Custom Eyes (Lakeview),3123 N. Broadway,Chicago,IL,60657
Morgenthal Frederics,129 East Oak Street,Chicago,IL,60611
Custom Eyes (River North),607 N State St.,Chicago,IL,60654
Custom Eyes (Southport),3539 N Southport Ave.,Chicago,IL,60657
Visual Effects Optical,1013 W. Armitage Ave,Chicago,IL,60614
Custom Eyes (La Salle),134 N Lasalle Dr.,Chicago,IL,60602
Custom Eyes OGILVIE,500 W. Madison Street,Chicago,IL,60661
Custom Eyes (Roscoe),2110 W Roscoe St.,Chicago,IL,60618
"Urban Eye Care, Inc.",1515 N. Milwaukee Ave.,Chicago,IL,60622
Custom Eyes (Evanston),1939 Central St,Evanston,IL,60201
Custom Eyes (Logan Square),2644 N. Milwaukee,Chicago,IL,60647
Be Spectacled,7511 Harwood Ave. ,Wauwatosa ,WI,53213
Shades Optical,193 W Maple Rd.,Birmingham,AL,48009
Frameology Optical,5781 Bridge St Ste 32 ,East Syracuse ,NY,13057
Spectacle (Queen Street),752 Queen St W,Toronto,,M6j 1e9
Owl Optometry ,173 Roncesvalles Ave,Toronto,ON,M6R 2L3
Spectacle (Distillery District),18 Rack House Mews,Toronto,ON,M5A 3C4
Bay Bloor Optometry,77 Bloor Street West,Toronto,Ontario,M5S 1M2
Spectacle (Yonge St),3342 Yonge St,Toronto,ON,M4N 2M4
North Optical,93 Washington Ave Units 2 ,Portland,ME,04101
North Optical,93 Washington Ave Units 2 ,Portland,ME,04101
Chroma Optics  ,370 Shelburne Rd Suite 1,Burlington ,Vermont,05401
Myoptic (Sellwood),8046 Se 13th Avenue,Portland,OR,97202
Myoptic (Laurelhurst),12 Se 28th Avenue,Portland,OR,97214
Visage Eyewear,"1046 Nw Johnson St, Or",Portland,OR,97209
River City Eyecare,4000 Ne Sandy Blvd ,Portland,OR,97212
Spectacle Modern Vision Care & Optical,2250 NW Lovejoy St,Portland,OR,97210
Myoptic (Williams),3978 N Williams Avenue,Portland,OR,97227
Owl Optical,4318 Upton Ave. S.,Minneapolis,MN,55410
Eyes In The Glebe,831 Bank St.,Ottawa,,K1s 3v9
Alain Assedo Opticien,4933 Sherbrooke St. West,Westmount,QC,H3Z 1H2
Voskins,1338 Rue Notre-Dame Ouest,Montr√©al,,H3C 1K7
Voskins Mile End,5431 St Laurent Blvd,Montreal,,H2T 1S5
Anne et Valentin,1527 10th Ave.,Seattle,WA,
Eye Eye,1317 E Pine St.,Seattle,WA,98122
Eye Eye,1317 E Pine St.,Seattle,WA,98122
Anne et Valentin,1527 10th Ave.,Seattle,WA,
Goo Goo Goggles Optical,761 Fort St,Victoria,,V8w 1g9
The Optical Boutique,2265 41st Ave W,Vancouver,BC,V6M 2A3
bruceToo,3553 Main St.,Vancouver,BC,V5v 3n4
Faculty Optometry,101-6625 152A St,Surrey ,BC ,V3S 0B3
bruceToo,3553 Main St.,Vancouver,BC,V5v 3n4
