Eyes on Linton,"1100 Linton Blvd Ste C7 ., <br />33444-1146 Delray Beach, FL, United States (US)"
Eyes on Linton,"1100 Linton Blvd Ste C7 ., <br />33444-1146 Delray Beach, FL, United States (US)"
Medina Eye Care,"2903 N ST MARYS ST, <br />78212 SAN ANTONIO, TX, United States (US)"
Nasa Vision Center,"100 EAST NASA PARKWAY, <br />77598 WEBSTER, TX, United States (US)"
Unique Optical,"2431 Bissonnet ST, <br />77005-1451 Houston, TX, United States (US)"
Diagnostic Eye Center,"3405 Edloe St. Suite 300, <br />77027 Houston, TX, United States (US)"
Eye Elegance,"888 Westheimer Rd. Suite 150, <br />77006 Houston, TX, United States (US)"
EaDo Optics PLLC,"2240 Navigation Blvd. Suite 275, <br />77003 Houston, TX, United States (US)"
HOTEL SAINT GEORGE,"105 S. HIGHLAND AVE, <br />79843 Marfa, TX, United States (US)"
Vibe Optometry,"5601 Brodie Ln Suite 530,, <br />78745 Sunset Valley, TX, United States (US)"
Southwest Vision,"3300 BEE CAVES RD STE 395, <br />78746 West Lake Hills, TX, United States (US)"
Aristocrat Optix,"3636 BEE CAVES RD. SUITE 210, <br />78746 West Lake Hills, TX, United States (US)"
Optique - Seaholm,"211 WALTER SEAHOLM DR, <br />78701 Austin, TX, United States (US)"
Lakeway Optical Shoppe,"1007 Ranch Rd 620 S., <br />78734 Lakeway, TX, United States (US)"
Optique - Domain,"11624 Rock Rose Ave#126, <br />78758 Austin, TX, United States (US)"
Austin Vision Associates,"11410 JOLLYVILLE RD SUITE 3201, <br />78759 AUSTIN, TX, United States (US)"
Woodland Eye Associates,"1001 Medical Plaza Drive STE #100, <br />77380 The Woodlands, United States (US)"
The Optical Shoppe,"7641 Jefferson Hwy, <br />70809 Baton Rouge, LA, United States (US)"
Art & Eyes LLC,"3708 MAGAZINE STREET, <br />70115 New Orleans, LA, United States (US)"
Eye Wares,"3601 Hwy 190 E Ste B, <br />70471 Mandeville, LA, United States (US)"
Midtown Vision,"4300 Bayou Blvd Suite 9, <br />32504 Pensacola, FL, United States (US)"
Lumino Vision,"1500 RIVERY BLVD STE 2005, <br />76828 GEORGETOWN, TX, United States (US)"
ForSight Eye,"350 Martin Luther King JR Blvd ., <br />31401-4386 Savannah, GA, United States (US)"
Dr. Chinn's Vision Care,"2856 UNIVERSITY AVE, <br />92104-2930 San Diego, CA, United States (US)"
Specs Optometry,"12895 PASEO VILLAGE WAY, SUITE 1220, <br />92130 San Diego, CA, United States (US)"
VWI - Vision West Employee,"15970 BERNARDO CENTER DR, <br />92127-1828 San Diego, United States (US)"
Bass Eyecare,"2702 S. HULEN, <br />76109 Fort Worth, TX, United States (US)"
Adair Eyewear,"3550 West 7th St, <br />76107 Fort Worth, TX, United States (US)"
Glass Optical,"833 W Davis ST, <br />75208-4954 Dallas, TX, United States (US)"
4510 SIX - Dallas,"2711 N Haskell Ave Ste 2800, <br />75204-2940 Dallas, TX, United States (US)"
Uptown Vision,"3710 RAWLINS ST SUITE 100, <br />75219 DALLAS, TX , United States (US)"
Eye Pieces - Dallas,"3699 MCKINNEY AVE SUITE 321, <br />75204 DALLAS, TX, United States (US)"
Peepers Optical,"8309 PRESTON ROAD, <br />75225 Dallas, TX, United States (US)"
Perkins Eyecare & Eyewear,"4740 O'HEAR AVENUE ., <br />29405 NORTH CHARLESTON, United States (US)"
Hello Optometry,"141 North GLASSELL STREET, <br />92866 Orange, CA, United States (US)"
Desert Vision Optometry,"555 S SUNRISE WAY STE 401, <br />92264-7894 Palm Springs, CA, United States (US)"
Framed Ewe - Colony,"5538 N. 7th St. STE 120, <br />85014-2554 Phoenix, AZ, United States (US)"
Frisco Family Eye Care,"5858 Main St. Ste 110, <br />75033 Frisco, TX, United States (US)"
Jackson K Lau OD INC,"435 N ROXBURY DR STE 310, <br />90210 BEVERLY HILLS, CA, United States (US)"
Durant Sessions - LA,"1406 Micheltorena St., <br />90026-1625 Los Angeles, CA, United States (US)"
Framed Ewe - Los Feliz,"2068 Hillhurst Ave, <br />90027 Los Angeles, CA, United States (US)"
Optical Solution Optometry,"2814 Hyperion Ave., <br />90027 Los Angeles, CA, United States (US)"
Society of the Spectacle,"4563 York Blvd, <br />90041-3341 Los Angeles, CA, United States (US)"
Eyes on Guntersville,"390 Gunter Ave, <br />35976 Guntersville, AL, United States (US)"
Family Eye Care of Marietta,"3434 Johnson Ferry Rd NE ., <br />30075 Roswell, GA, United States (US)"
Gazal Eyecare,"76 NORCROSS ST # B ., <br />30075-3866 Roswell, GA, United States (US)"
Family Eyecare of Roswell,"910 HOLCOMB BRIDGE RD. SUITE 100 ., <br />30076 Roswell, GA, United States (US)"
Briggs Vision Group,"10305 Medlock Bridge Rd Ste A5 ., <br />30097-5997 Duluth, GA, United States (US)"
Eyes on Gervais,"1219 Lincoln STREET ., <br />29201 Columbia, SC, United States (US)"
NuVue Optical - Ballantyne,"12105 Copper Way STE 100 ., <br />28277-1817 Charlotte, NC, United States (US)"
NuVue Optical - University,"2424 W Mallard Creek Church ., <br />28262-5800 Charlotte, NC, United States (US)"
Eyes ETC,"6508 N. Western Avenue, <br />73116 Nichols Hills, OK, United States (US)"
Innovative Eyecare,"1200 NW 178th Street, Suite 100, <br />73012 Edmond, OK, United States (US)"
BeSpoke Vision,"200 W. Covell Rd., <br />73003 Edmond, OK, United States (US)"
Uptown Eyes - Arkansas,"100 E Joyce Blvd Ste 104, <br />72703-6079 Fayetteville, AR, United States (US)"
Look East,"966 Main St, <br />37206 Nashville, TN, United States (US)"
"Kaluzne Optometry, P.A.","1401 Westgate Center Drive ., <br />27103 Winston-Salem, NC, United States (US)"
Oscar Oglethorpe,"226 S Elm St ., <br />27401 Greensboro, NC, United States (US)"
McPherson Family Eyecare,"3150 Rogers Rd Ste 110 ., <br />27587-4196 Wake Forest, NC, United States (US)"
Midtown Optometry,"550 Water Street Suite J5, <br />95060-4135 Santa Cruz, CA, United States (US)"
Gilbert Eyecare,"1547 LASKIN RD, <br />23451 VIRGINIA BEACH, VA, United States (US)"
Specs Optical,"12295 Saratoga Sunnyvale Rd, Suite 500, <br />95070 Saratoga, CA, United States (US)"
Pacific Rims Optometry - Irving,"107 West Portal AVE, <br />94127-1305 San Francisco, United States (US)"
Turner Eye Institute,"276 Dolores Ave Ste 300, <br />94577-5008 San Leandro, CA, United States (US)"
OPT Optometric - San Francisco,"1415 Valencia ST, <br />94110-3716 San Francisco, CA, United States (US)"
Eyegotcha,"586 Castro Street, <br />94114 San Francisco, CA, United States (US)"
Eyedare Optometric,"3199 16TH ST, <br />94103-3334 San Francisco, CA, United States (US)"
Loop Optometry,"252 5TH ST, <br />94103-4116 San Francisco, CA, United States (US)"
LOOKSIE Optometry,"1314 Polk ST, <br />94109-4614 San Francisco, CA, United States (US)"
Specs Eyewear,"1423 N WEBB RD STE 129, <br />67206-3431 Wichita, KS, United States (US)"
Eyes on Magnolia Optometry,"1102 MAGNOLIA AVE, <br />94939-1054 Larkspur, CA, United States (US)"
Aperture Optix Optometric,"5026 Telegraph Ave, <br />94609 Oakland, CA, United States (US)"
Bright Eyes Optometry,"157 Petaluma Blvd N, <br />94952 Petaluma, CA, United States (US)"
Stratton Eyes,"535 Wellington Way Suite 160, <br />40503 Lexington, KY, United States (US)"
EYE SEE OPTIQUE,"16830 DUMFRIES RD SUITE 125, <br />22025 DUMFRIES, VA, United States (US)"
EyeChicks Eyewear,"3755 Taylor Road, <br />95650 Loomis, CA, United States (US)"
Invision Eyewear,"11479 W 95TH ST, <br />66214 Overland Park, KS, United States (US)"
Eye Style Optics,"4050 INDIAN CREEK PKWY, <br />66207 OVERLAND PARK, KS, United States (US)"
Eye2Eye,"1502 Mount Vernon Ave, <br />22301-1718 Alexandria, VA, United States (US)"
MacPherson Opticians,"5064 Lee HWY, <br />22207-1605 Arlington, VA, United States (US)"
EYETOPIA INC.,"223 LOUDOUN ST SE, <br />20175-3115 Leesburg, VA, United States (US)"
INSIGHT OPTICIANS  - DC,"1240 F ST NW, <br />20004-1203 Washington, DC, United States (US)"
A Brighter Image,"1720 Connecticut Ave NW, <br />20009 Washington, DC, United States (US)"
Moda Optic,"130 Rollins Ave suite g, <br />20852 North Bethesda, MD, United States (US)"
Pioneer Optical Company,"50 W EDMONSTON DR #103, <br />20852 ROCKVILLE, MD, United States (US)"
Annapolis Opticians,"1918 Forest Dr, <br />21401-4319 Annapolis, MD, United States (US)"
Visionary Eye Center,"8175 S Virginia St, <br />89511-8922 Reno, NV, United States (US)"
Optique of Denver - S. Broadway,"1632 S Broadway, <br />80210-2610 Denver, CO, United States (US)"
Optique of Denver - 15th St,"1525 15TH STREET, <br />80202 Denver, CO, United States (US)"
Rovaniemen Optikka Oy,"PL 100, <br />80020 Kollektor Scan, Finland"
The Optical Co.,"870 N HIGH ST, <br />43215-1453 Columbus, OH, United States (US)"
Bonds Eye Care,"1227 Horseshoe Pike, <br />19335 Downingtown, PA, United States (US)"
Modern Eye - University,"3419 Walnut ST, <br />19104-3433 Philadelphia, PA, United States (US)"
Eyechic,"333 South Street, <br />19147 Philadelphia, PA, United States (US)"
West Coast Optical,"132 S 17th ST, <br />19103 Philadelphia, PA, United States (US)"
Modern Eye - Center City,"145 S 13Th St Ste 1, <br />19107-4930 Philadelphia, PA, United States (US)"
Ardmore Eye Care,"11 W LANDCASTER AVE, <br />19003 Admore, PA, United States (US)"
Abraham Eye Associates,"795 E Lancaster Ave Suite 3-B, <br />19085 Villanova, PA, United States (US)"
Nostalgic Eye Care,"6656 Germantown Avenue, <br />19119 Philadelphia, PA, United States (US)"
Villavecchia Buying Group:DiFrancesco Opticians,"123 E BUTLER AVE, <br />19002-4418 Ambler, PA, United States (US)"
Eyecare For You,"936 2nd Street Pike, <br />18954-1527 Richboro, PA, United States (US)"
Gefen Optical,"159 E KENNEDY BLVD, <br />08701 LAKEWOOD, NJ, United States (US)"
Uptown Vision - MN,"112 E. WASHINGTON STREET, <br />61701 Bloomington, IL, United States (US)"
Vision Trends,"707 N WOOSTER AVE, <br />44622 Dover, OH, United States (US)"
Artistic Eyewear,"10 South Main St, <br />18901 Doylestown, PA, United States (US)"
Rowden Optician,"82 West Main St, <br />08876 Somerville, NJ, United States (US)"
Navesink Eye,"225 ROUTE 35 SUITE 102A, <br />07701 RED BANK, NJ, United States (US)"
Williams Eye Works,"1884 Victory Boulevards, <br />10314 Staten Island, NY, United States (US)"
The Lens Center,"1318  55th street, <br />11219 Brooklyn, NY, United States (US)"
Optique Elegance,"1552 CONEY ISLAND AVE, <br />11230-4716 Brooklyn, NY, United States (US)"
Park Slope Eye Optical Boutique,"326 7th St 2nd Floor, <br />11215 Brooklyn, NY, United States (US)"
Villavecchia Buying Group:Elegant Eyes / Optical E,"560 Main St Ste 7, <br />07018-2228 East Orange, NJ, United States (US)"
Eyedrop Optique,"84 FRONT STREET, <br />11201 BROOKLYN, NY, United States (US)"
4510 SIX - NYC,"20 Hudson Yards, <br />10001 New York, NY, United States (US)"
Charlotte Jones Opticians,"509 9TH AVENUE, <br />10018 New York City, NY, United States (US)"
L Eye C Optics,"2136 44th Drive, <br />11101 Long Island City, NY, United States (US)"
Cohens Fashion Optical,"100 QUENTIN ROOSEVELT BLVD, <br />11530 GARDEN CITY, NY, United States (US)"
Felice Dee at SAKS,"611 5th Avenue, <br />NY 10022 New York, United States (US)"
EuroOptica,"280 COLUMBUS AVE, <br />10023-2302 New York, NY, United States (US)"
Rocklin Opticians,"20 Church Street, <br />07042 Montclair, NJ, United States (US)"
Villavecchia Buying Group,"22 PARIS AVENUE SUITE 209, <br />07647-2600 ROCKLEIGH, United States (US)"
Squint Optometry,"68 Main Street, <br />10553 Irvington, NY, United States (US)"
Eye Mechanix,"52 South La Grange Road, <br />60525 La Grange, IL, United States (US)"
Park Opticians - University Heights,"20670 John Carroll Blvd, <br />44118-4535 University Heights, OH, United States (US)"
Park Opticians - Landerwood,"30749 Pinetree Rd, <br />44124 Cleveland, OH, United States (US)"
Eyes On Ramsey,"44 E. MAIN ST., <br />07446 RAMSEY, NJ, United States (US)"
The Eyeglass Lass,"27 COOGAN BOULEVARD #23, <br />06355 MYSTIC, CT, United States (US)"
Central Optica,"33 LaSalle Road, <br />06107 West Hartford, CT, United States (US)"
College Hill Optical,"295 S MAIN ST, <br />02903 PROVIDENCE, RI, United States (US)"
Puzio Eyecare Associates - Dennis,"860 Route 134 Ste 8, <br />02660-2577 South Dennis, MA, United States (US)"
Puzio Eyecare Associates - Harwich,"Route 137 Ste 119b, <br />02645-6661 East Harwich, MA, United States (US)"
Artisan Eyeworks,"215 4th St. Ashland, <br />97520 Ashland, OR, United States (US)"
Custom Eyes 2020 - LOGAN SQUARE,"2650 N MILWAUKEE AVE, <br />60647-1610 Chicago, IL, United States (US)"
Solo Eyecare,"1444 S MICHIGAN AVE, <br />60605 Chicago, IL, United States (US)"
Urban Eyecare,"1515 N. MILWAUKEE AVE, <br />60622 CHICAGO, IL, United States (US)"
Custom Eyes 2020 - LA SALLE,"134 N LA SALLE ST, <br />60602 Chicago, IL, United States (US)"
Custom Eyes 2020 - ROSCOE,"2110 W Roscoe ST, <br />60618 Chicago, IL, United States (US)"
Blink Family Eyecare,"1650 W Belmont Ave, <br />60657 CHICAGO, IL, United States (US)"
Custom Eyes - LAKE VIEW,"3123 N Broadway Ste A, <br />60657 Chicago, IL, United States (US)"
The Walkerville Optical,"1474 Ottawa St, <br />N8X 2G2 Windsor, ON, Canada"
Berkley Eyewear,"2680 Coolidge HWY, <br />48072 Berkley, MI, United States (US)"
IC Optics,"5 Kennedy Dr, <br />06260 Putnam, CT, United States (US)"
"Wise Eye Care, Inc.","76 Chestnut Street, <br />02038 Franklin, MA, United States (US)"
Eye & Eye Optics,"2271 Dorchester Avenue, <br />02124 Dorchester, MA, United States (US)"
Soma Optical,"8 Union Park St, <br />02118 Boston, MA, United States (US)"
POINT OF U,"291 NEWBURY ST, <br />02115 BOSTON, MA, United States (US)"
Chelmsford Optometric,"11 Summer ST STE 1, <br />01824-3064 Chelmsford, MA, United States (US)"
Eyes on the Lake,"2134 S Kinnickinnic Avenue, <br />53207 MILWAUKEE, WI, United States (US)"
Curio Eyecare,"147 E Grand River Ave, <br />48895 Williamston, MI, United States (US)"
In Focus Eyecare,"1206 Lakeshore Road, <br />N7S 2L2 Sarnia, ON, Canada"
Komoka Optometry,"#1-9909 GLENDON DRIVE, <br />N0L1R0 KOMOKA, ON, Canada"
Cross Eyed Optical,"3-705 Wonderland Rd N, <br />N6H 0H8 London, ON, Canada"
OLD NORTH OPTOMETRY,"783 Richmond St, <br />N6A 3H4 London, ON, Canada"
Eyes on Locke,"101 LOCKE ST S #4, <br />L8P 4A6 HAMILTON, ON, Canada"
The Optical Store,"3750 Delaware Ave, <br />14217-1002 Kenmore, NY, United States (US)"
Spectacle Eye Clinic,"4025 Dorchester Rd., <br />L2E 6N1 Niagara Falls, Canada"
Spectacle Eye Clinic,"295 4TH AVE Unit G3, <br />L2S0E7 St. Catharines, ON, Canada"
Burlington Eyecare,"3235 Fairview Street Suite 7, <br />L7N 3L1 BURLINGTON, ON, Canada"
Dr. Hopkins & Associates Optometry,"7-358 Mary St. PO Box 640, <br />L0S 1J0 Niagara on the Lake, ON, Canada"
Sidney Hillman Optical,"750 East Ave, <br />14607 Rochester, NY, United States (US)"
Luxe Optique,"602 Warren St, <br />12534 Hudson, NY, United States (US)"
Eyelook Optical,"7 Congress ST, <br />03801-4004 Portsmouth, NH, United States (US)"
Eyeview Optical,"370 Highland Rd W, <br />N2M 5J9 Kitchener, ON, Canada"
Matador Eyeworks,"365 Main Street East, <br />L9T 1P7 Milton, ON, Canada"
Designer's Optical,"321 Cornwall Road, <br />L6J7Z5 Oakville, ON, Canada"
Dr. Martin Traynor,"601 Ford Drive, <br />L6J7Z6 Oakville, ON, Canada"
Beaulieu Vision Care,"2938 Bloor Street West, <br />M8X 1B6 Etobicoke, ON, Canada"
Owl Optometry,"173 Roncesvalles Ave, <br />M6R 2L3 Toronto, ON, Canada"
See and Be Seen Eyecare,"171 E Liberty St # 136, <br />M6K3P6 On Toronto, ON, Canada"
Wychwood Eyecare,"1225 Davenport Road, <br />M6H2H1 Toronto, ON, Canada"
312 Optical Studio,"312 college St., <br />M5T 1S3 Toronto, ON, Canada"
St. Lawrence Eye Care,"12 Church Street, <br />M5E 1M1 Toronto, ON, Canada"
The Optic Zone Inc.,"33 Jarvis Street, <br />M5E 1N3 Toronto, ON, Canada"
Holly Eyewear,"130 Cumberland Street, <br />M5R 1A6 Toronto, ON, Canada"
Eye Wonder Optical,"28 TED ROGERS WAY UNIT 2406, <br />M4Y 2J4 TORONTO, ON, Canada"
6 BY GEE,"6 ROXBOROUGH STREET, <br />ON M5R 1T8 , Canada"
Clear Eye Doctors,"1201 DUNDAS ST. E SUITE 104, <br />M4M 1S2 Toronto, ON, Canada"
Eye Studio Inc,"508 Mount Pleasant Road, <br />M4S 2M2 Toronto, ON, Canada"
Lawrence Park Optometry,"491 Lawrence Avenue West, <br />M5M 1C7 Toronto, Canada"
Avenue Optometry & Vision Therapy,"1923 Avenue Road, <br />M5M 4A2 North York, ON, Canada"
York Mills Eyecare,"97 Wilson Ave, <br />M5M-2Z9 Toronto, ON, Canada"
Channini Eye Style,"2901 Bayview Avenue # C102, <br />M2K 1E6 Toronto, Canada"
The Optical Boutique - Oshawa,"245 King St. W., <br />L1J 2J7 Oshawa, ON, Canada"
Justin Barry Optical,"13 King Street W, <br />L1C1R2 Bowmanville, ON, Canada"
ERC OPTOMETRY,"101-72 BALDWIN ST, <br />L1M 1A3 WHITBY, ON, Canada"
Gordon Wood Optical,"10350 YONGE SR #102, <br />L4C5K9 RICHMOND HILL, ON, Canada"
Richmond Hill Optometric Clinic,"1650 Elgin Mills Road East, <br />L4S0B2 Richmond Hill, ON, Canada"
Focus Optical,"375 WABASHA ST. N, <br />55102 St Paul, MN, United States (US)"
Downtown Eyes - MN,"800 NICOLLET MALL, <br />55402 MINNEAPOLIS, MN, United States (US)"
iWare Northeast,"339 13TH AVE NE, <br />55413-1264 Minneapolis, MN, United States (US)"
Roseville Eye Associates,"1790 Lexington Ave N, <br />55113-6167 Saint Paul, MN, United States (US)"
Russell West Optometry,"67 Russell Street W, <br />K9V2X1 On Linsay, ON, Canada"
Uptown Eyecare & Optical,"2370 W Burnside St, <br />97210-3537 Portland, OR, United States (US)"
Rivercity eyecare - Hollywood,"4000 NE SANDY BLVD, <br />97212-5326 Portland, OR, United States (US)"
Alberta Eye Care - Cathedral,"8787 N Lombard St, <br />97203-3732 Portland, OR, United States (US)"
Beaumont Vision,"4331 NE Fremont St, <br />97213 Portland, OR, United States (US)"
Alberta Eye Care - Alberta,"2021 Ne Alberta St, <br />97211-5847 Portland, OR, United States (US)"
Blink Eyewear,"23 SAINT MARIE STREET, <br />L9Y 3J9 Collingwood, ON, Canada"
Vue Optical Boutique,"244 Wellington Street East, <br />L4G 1J5 Aurora, ON, Canada"
Merivale Vision Care,"2-1547 Merivale Road, <br />K2G 4V3 Ottawa, ON, Canada"
Wellington Vision Care,"1282c Wellington St West, <br />K1Y3A7 Ottowa, ON, Canada"
Eyemaxx Optical,"Elgin Street 237, <br />K2P1L6 Ottawa, ON, Canada"
VIZU-L SAINT JEAN,"1260 DE LA MAIRIE BLVD, <br />J2W 2R5 SAINT-JEAN-SUR-RICHELIEU, QC, Canada"
C'est la vue ! Optométristes,"2665 Rue De Salaberry, <br />H3M 1L1 Montréal, QC, Canada"
Vizu-L Lunetterie Salon,"235, Grande-Cote, <br />J7A 1H8 Rosemère, QC, Canada"
Doyle Optometristes,"782 Mnt Masson, <br />J7K 3B6 Mascouche, QC, Canada"
Downtown Optometry,"169 DUNDONALD STREET, <br />E3B1W7 Fredericton, NB, Canada"
East Main Vision Clinic,"2732 E Main Ave, <br />98372 Puyallup, WA, United States (US)"
Clinique d'Optometrie Hiboo,"33 Chemin Des Lavoie, <br />E7C 2A1 Saint-Basile, NB, Canada"
Island Family Eyecare,"164 WINSLOW WAY W, <br />98110 Bainbridge Island, WA, United States (US)"
Wink Eyewear,"3703 S EDMUNDS ST #87, <br />98118-1742 Seattle, WA, United States (US)"
Spex,"509 OLIVE WAY, SUITE 303, <br />98101 Seattle, WA, United States (US)"
Oculus Eyecare,"740 Denny Way, <br />98109-5101 Seattle, WA, United States (US)"
Broadway Vision Source,"301 E Pike St, <br />98122-3609 Seattle, WA, United States (US)"
Eyeballs,"621 5th Ave N. Ste. B, <br />98109 Seattle, WA, United States (US)"
Eye Eye,"1317 E PINE ST, <br />98122-4021 Seattle, WA, United States (US)"
Eye Eye - Leschi,"121 Lakeside Ave., <br />98122 Seattle, WA, United States (US)"
Eyes on Fremont,"4254 FREMONT AVE N, <br />98103-9219 Seattle, WA, United States (US)"
Acorn Optometry,"110-2187 Oak Bay Ave, <br />V8R 1G1 Victoria, BC, Canada"
Eyefinery Optical Studio,"#9 126 UPPER GANGES ROAD, <br />V8K 2S2 SALT SPRING ISLAND, BC, Canada"
Eye Plus Clinic,"1650 TERMINAL AVENUE NORTH, UNIT 102, <br />V9S 0A3 Nanaimo, BC, Canada"
The Optical Boutique - Vancouver,"2265 W 41 St Ave, <br />V6M 2A3 Vancouver, BC, Canada"
Eyecity Optical,"2846 West Broadway, <br />V6K 2G7 Vancouver, BC, Canada"
Exhibit Optical,"2675 WEST 4TH AVENUE, <br />V6K1P8 Vancouver, BC, Canada"
Roberts & Brown Opticians,"948 W King Edward Ave,, <br />V5Z 2E2 Vancouver, BC, Canada"
Durant Sessions - Main St.,"2539 Main ST, <br />V5T 3E5 Vancouver, BC, Canada"
Mount Pleasant Optometry,"450 E. BROADWAY, <br />V5T0J5 VANCOUVER, BC, Canada"
Clarity Eyecare,"14340 64 Ave #107, <br />V3W 1Z1 SURREY, BC, Canada"
Durant Sessions - Gastown,"315 W Cordova St., <br />V6B 1E5 Vancouver, BC, Canada"
Karma Optical,"1325 Commercial Drive, <br />V5L3X5 Vancouver, BC, Canada"
Willingdon Heights Eyecare Optometry,"4311 Dawson St., <br />V5C 0J8 Burnaby, BC, Canada"
Lens R Us,"20555 56 Ave #2, <br />V3A 3Y9 Langley, BC, Canada"
Lynn Valley Optical Inc.,"255 - 1233 Lynn Valley Road, <br />V7J 0A1 North Vancouver, BC, Canada"
Optical Studio,"2810 Fairway St. S, <br />T1K6T9 Lethbridge, AB, Canada"
Professional Optical,"808 1ST AVENUE S., <br />T1J 4T1 Lethbridge, AB, Canada"
Linden Ridge Eyecare,"Unit K-1765 Kenaston Blvd, <br />R3Y1V8 Winnipeg, MB, Canada"
Inspired Eyes Creative Eyewear,"1560 Pandosy Street, <br />V1Y 1P4 Kelowna, BC, Canada"
Optical Image,"95 Central Ave. N, <br />S9H0K8 Swift Current, SK, Canada"
SPEX by RYAN - Regina,"2326 Albert ST, <br />S4P 2V7 Regina, SK, Canada"
The Optical Shoppe - Regina,"1B-2121 SASKATCHEWAN DR, <br />S4P 4A7 Regina, SK, Canada"
Viva Optical,"2717 Quance Street East, <br />S4V3B7 Regina, SK, Canada"
G is for Glasses USD,"3-1176 Taylor Avenue, <br />R3M 3Z4 Winnipeg, MB, Canada"
Nicola Eye Care,"101-286 ST. PAUL STREET, <br />V2C 6G4 KAMLOOPS, BC, Canada"
Revelstoke Optometry,"310 CONNAUGHT AVE, <br />V0E 2S0 REVELSTOKE, BC, Canada"
Okotoks Eyecare,"201 Southridge Drive, <br />T1S2E1 Okotokos, AB, Canada"
Sphere Optometry,"140 Mahogony Centre SE, <br />T3M2V6 Calgary, AB, Canada"
CHINOOK OPTICAL,"813 49th AVENUE SOUTHWEST, <br />T2S 1G8 Calgary, AB, Canada"
Mission Eye Care,"180-2206 2 St Sw, <br />T2S 3C5 Calgary, AB, Canada"
Kensington Eye Health Centre,"100-1228 Kensington Rd., <br />T2N 3P7 Calgary, AB, Canada"
Optiko Eyewear,"#9, 3625 Shaganappi Trail NW, <br />T3A0E2 Calgary, AB, Canada"
Sage Hill Optometry,"126, 255 Sage Valley Common N.W, <br />T3R1T8 Calgary, AB, Canada"
Airdrie Eyecare Centre,"120 2nd Ave NE, <br />T4B 2N2 Airdrie, AB, Canada"
